Time[ms],Realtime Tick,Present Position,Present Current,Goal Current,Present Velocity
1723,22145,-2447,101,87,0
1733,22155,-2445,85,87,0
1743,22165,-2439,87,87,2
1753,22175,-2431,87,87,6
1763,22185,-2423,86,87,12
1773,22195,-2417,86,87,18
1783,22205,-2411,86,87,25
1793,22215,-2404,86,87,31
1803,22225,-2394,84,87,37
1813,22235,-2380,86,87,43
1823,22245,-2363,85,87,49
1834,22256,-2343,85,87,58
1844,22266,-2322,85,87,68
1854,22276,-2303,87,87,80
1865,22287,-2282,-23,0,94
1875,22297,-2266,8,0,104
1885,22307,-2248,-6,0,110
1895,22317,-2235,-35,0,113
1905,22327,-2221,8,0,112
1915,22337,-2206,7,0,109
1925,22347,-2187,17,0,106
1935,22357,-2167,-5,0,105
1945,22367,-2148,8,0,106
1955,22377,-2133,7,0,106
1965,22387,-2119,9,0,107
1975,22397,-2107,11,0,106
1985,22407,-2098,22,0,104
1995,22417,-2088,-9,0,98
2005,22427,-2080,-33,0,91
2015,22437,-2073,8,0,81
2025,22447,-2066,13,0,73
2035,22457,-2058,11,0,65
2045,22467,-2049,19,0,59
2055,22477,-2041,0,0,55
2065,22487,-2033,-30,0,53
2075,22497,-2028,7,0,51
2085,22507,-2024,23,0,49
2095,22517,-2021,13,0,46
2105,22527,-2020,-3,0,42
2115,22537,-2016,1,0,37
2125,22547,-2014,0,0,32
2135,22557,-2013,0,0,26
2145,22567,-2012,2,0,22
2155,22577,-2011,1,0,18
2165,22587,-2010,2,0,15
2175,22597,-2010,4,0,12
2185,22607,-2009,1,0,10
2195,22617,-2009,0,0,7
2205,22627,-2010,0,0,5
2215,22637,-2011,0,0,3
2225,22647,-2013,0,0,1
2235,22657,-2015,0,0,0
2245,22667,-2016,0,0,-3
2255,22677,-2016,0,0,-5
2265,22687,-2016,0,0,-6
2275,22697,-2016,0,0,-6
2285,22707,-2016,0,0,-6
2295,22717,-2016,0,0,-4
2305,22727,-2016,0,0,-3
2316,22738,-2015,-26,-23,-1
2326,22748,-2015,-23,-23,0
2336,22758,-2015,-22,-23,0
2346,22768,-2016,-21,-23,1
2356,22778,-2017,-21,-23,0
2366,22788,-2019,-24,-23,0
2376,22798,-2020,-24,-23,-1
2386,22808,-2020,-24,-23,-3
2396,22818,-2021,-22,-23,-4
2405,22827,-2024,-21,-23,-6
2415,22837,-2027,-21,-23,-8
2425,22847,-2031,-24,-23,-9
2435,22857,-2035,-24,-23,-11
2446,22868,-2041,-151,-131,-14
2456,22878,-2051,-129,-131,-19
2466,22888,-2065,-130,-131,-26
2476,22898,-2080,-130,-131,-35
2487,22909,-2095,34,0,-46
2497,22919,-2103,11,0,-55
2507,22929,-2110,17,0,-61
2517,22939,-2115,22,0,-65
2527,22949,-2119,35,0,-64
2537,22959,-2127,27,0,-60
2547,22969,-2139,39,0,-56
2557,22979,-2154,25,0,-53
2567,22989,-2166,-8,0,-54
2577,22999,-2175,-19,0,-56
2587,23009,-2184,31,0,-59
2597,23019,-2188,-2,0,-62
2607,23029,-2188,1,0,-61
2617,23039,-2190,0,0,-55
2627,23049,-2193,0,0,-46
2637,23059,-2195,-1,0,-37
2647,23069,-2197,14,0,-29
2657,23079,-2199,-7,0,-22
2667,23089,-2203,-8,0,-18
2677,23099,-2207,29,0,-16
2687,23109,-2210,8,0,-17
2697,23119,-2211,-1,0,-18
2707,23129,-2210,-8,0,-17
2717,23139,-2210,0,0,-16
2727,23149,-2209,2,0,-13
2737,23159,-2209,1,0,-10
2747,23169,-2209,0,0,-7
2757,23179,-2209,0,0,-3
2767,23189,-2210,0,0,-1
2777,23199,-2211,0,0,0
2787,23209,-2213,0,0,-1
2797,23219,-2214,0,0,-2
2807,23229,-2214,0,0,-3
2817,23239,-2214,0,0,-4
2827,23249,-2215,0,0,-4
2837,23259,-2215,0,0,-5
2847,23269,-2215,0,0,-4
2857,23279,-2215,0,0,-3
2867,23289,-2214,0,0,-1
2877,23299,-2214,0,0,0
2887,23309,-2213,0,0,0
2897,23319,-2212,0,0,0
2907,23329,-2211,0,0,1
2917,23339,-2211,0,0,2
2927,23349,-2211,0,0,3
2937,23359,-2211,0,0,3
2947,23369,-2210,0,0,3
2957,23379,-2210,0,0,3
2967,23389,-2210,0,0,3
2977,23399,-2210,0,0,2
2987,23409,-2210,0,0,1
2997,23419,-2210,0,0,0
3007,23429,-2210,0,0,0
3018,23440,-2210,-80,-70,0
3028,23450,-2212,-67,-70,0
3038,23460,-2217,-70,-70,-2
3048,23470,-2224,-70,-70,-5
3058,23480,-2231,-70,-70,-10
3068,23490,-2238,-70,-70,-16
3078,23500,-2243,-69,-70,-22
3088,23510,-2248,-69,-70,-28
3098,23520,-2257,-67,-70,-33
3108,23530,-2267,-67,-70,-37
3118,23540,-2280,-108,-107,-42
3129,23551,-2298,-105,-107,-48
3139,23561,-2319,-105,-107,-57
3148,23570,-2340,-109,-107,-68
3159,23581,-2363,-110,-107,-83
3169,23591,-2383,-103,-107,-97
3179,23601,-2405,-107,-107,-109
3189,23611,-2428,-107,-107,-119
3199,23621,-2454,-87,-107,-128
3209,23631,-2484,-47,-107,-136
3220,23642,-2517,-6,0,-145
3230,23652,-2546,-6,0,-153
3240,23662,-2573,28,0,-161
3250,23672,-2602,-8,0,-169
3260,23682,-2627,-19,0,-174
3270,23692,-2652,32,0,-176
3280,23702,-2679,-7,0,-174
3290,23712,-2705,-10,0,-172
3300,23722,-2731,-6,0,-170
3310,23732,-2757,32,0,-167
3320,23742,-2780,-12,0,-165
3330,23752,-2801,4,0,-162
3340,23762,-2822,-8,0,-159
3350,23772,-2844,-14,0,-155
3360,23782,-2864,38,0,-151
3370,23792,-2882,-7,0,-146
3379,23801,-2899,7,0,-140
3390,23812,-2919,8,0,-134
3400,23822,-2937,-9,0,-129
3409,23831,-2954,-16,0,-126
3420,23842,-2972,-9,0,-121
3430,23852,-2987,-9,0,-117
3440,23862,-3002,-17,0,-114
3450,23872,-3016,27,0,-110
3460,23882,-3029,-8,0,-106
3470,23892,-3041,-11,0,-102
3479,23901,-3051,-17,0,-97
3490,23912,-3063,-18,0,-91
3499,23921,-3072,13,0,-86
3509,23931,-3083,37,0,-81
3519,23941,-3094,32,0,-77
3530,23952,-3106,16,0,-73
3539,23961,-3114,-7,0,-71
3549,23971,-3122,-25,0,-68
3560,23982,-3130,-11,0,-65
3569,23991,-3135,-20,0,-62
3579,24001,-3140,-7,0,-58
3589,24011,-3145,-16,0,-53
3599,24021,-3148,-20,0,-47
3609,24031,-3152,-14,0,-42
3619,24041,-3156,-15,0,-37
3629,24051,-3159,-15,0,-33
3639,24061,-3162,-12,0,-29
3649,24071,-3164,-9,0,-26
3659,24081,-3166,-5,0,-23
3669,24091,-3167,-2,0,-21
3679,24101,-3170,-1,0,-18
3689,24111,-3171,-2,0,-16
3699,24121,-3172,0,0,-13
3709,24131,-3172,0,0,-11
3719,24141,-3172,0,0,-9
3729,24151,-3171,0,0,-7
3739,24161,-3172,0,0,-5
3749,24171,-3172,0,0,-4
3759,24181,-3172,0,0,-2
3770,24192,-3171,0,0,-1
3779,24201,-3170,0,0,0
3789,24211,-3170,0,0,0
3799,24221,-3169,0,0,1
3810,24232,-3167,-3,-8,2
3819,24241,-3167,-5,-8,3
3829,24251,-3169,-8,-8,3
3839,24261,-3169,-6,-8,3
3849,24271,-3170,-9,-8,2
3859,24281,-3170,-8,-8,0
3869,24291,-3171,-6,-8,0
3880,24302,-3172,-6,-8,-1
3890,24312,-3173,-7,-8,-3
3900,24322,-3174,-9,-8,-3
3909,24331,-3177,-7,-8,-4
3920,24342,-3178,-56,-53,-5
3931,24353,-3181,-52,-53,-7
3940,24362,-3186,-53,-53,-9
3951,24373,-3193,-14,0,-12
3962,24384,-3196,15,0,-16
3971,24393,-3198,-6,0,-18
3981,24403,-3199,0,0,-20
3991,24413,-3202,0,0,-20
4001,24423,-3203,-1,0,-20
4011,24433,-3205,-2,0,-19
4021,24443,-3207,4,0,-16
4031,24453,-3209,21,0,-14
4041,24463,-3212,19,0,-13
4051,24473,-3214,16,0,-13
4062,24484,-3214,0,0,-13
4071,24493,-3214,-1,0,-12
4081,24503,-3214,0,0,-10
4091,24513,-3213,0,0,-8
4101,24523,-3214,0,0,-6
4111,24533,-3213,0,0,-4
4122,24544,-3213,0,0,-1
4131,24553,-3213,0,0,0
4141,24563,-3214,0,0,0
4150,24572,-3214,0,0,0
4161,24583,-3214,0,0,0
4170,24592,-3214,0,0,0
4180,24602,-3215,0,0,-1
4190,24612,-3215,0,0,-1
4200,24622,-3215,0,0,-1
4210,24632,-3215,0,0,-1
4220,24642,-3215,0,0,-1
4230,24652,-3216,0,0,-1
4240,24662,-3215,0,0,-1
4250,24672,-3215,0,0,0
4260,24682,-3215,0,0,0
4271,24693,-3215,0,0,0
4280,24702,-3215,0,0,0
4290,24712,-3215,0,0,0
4301,24723,-3215,0,0,0
4310,24732,-3215,0,0,0
4320,24742,-3215,0,0,0
4330,24752,-3215,0,0,0
4340,24762,-3215,0,0,0
4350,24772,-3215,0,0,0
4360,24782,-3215,0,0,0
4370,24792,-3215,0,0,0
4380,24802,-3215,0,0,0
4390,24812,-3215,0,0,0
4400,24822,-3215,0,0,0
4410,24832,-3215,0,0,0
4420,24842,-3215,0,0,0
4430,24852,-3215,0,0,0
4440,24862,-3215,0,0,0
4451,24873,-3215,115,101,0
4461,24883,-3214,100,101,0
4471,24893,-3206,99,101,2
4481,24903,-3197,102,101,6
4491,24913,-3187,103,101,13
4501,24923,-3180,102,101,21
4511,24933,-3173,99,101,28
4521,24943,-3163,98,101,36
4531,24953,-3150,99,101,44
4541,24963,-3133,100,101,51
4552,24974,-3111,159,150,60
4562,24984,-3086,152,150,71
4572,24994,-3061,150,150,84
4582,25004,-3036,150,150,99
4592,25014,-3011,152,150,114
4602,25024,-2984,111,150,129
4612,25034,-2956,70,150,141
4622,25044,-2926,39,150,152
4632,25054,-2894,18,150,161
4642,25064,-2862,8,150,169
4653,25075,-2827,2,0,177
4663,25085,-2796,5,0,184
4673,25095,-2767,3,0,189
4683,25105,-2738,5,0,193
4693,25115,-2708,5,0,194
4703,25125,-2681,4,0,193
4713,25135,-2652,9,0,190
4723,25145,-2625,18,0,187
4733,25155,-2600,-10,0,183
4743,25165,-2573,9,0,180
4753,25175,-2549,-11,0,176
4763,25185,-2525,7,0,172
4773,25195,-2503,21,0,168
4783,25205,-2482,-35,0,163
4793,25215,-2462,7,0,157
4803,25225,-2441,18,0,151
4813,25235,-2422,-29,0,146
4823,25245,-2402,8,0,141
4833,25255,-2384,15,0,136
4843,25265,-2366,-33,0,131
4853,25275,-2349,9,0,127
4863,25285,-2333,16,0,123
4873,25295,-2318,8,0,119
4883,25305,-2303,9,0,114
4893,25315,-2289,-34,0,110
4903,25325,-2276,7,0,105
4913,25335,-2263,10,0,101
4923,25345,-2250,-6,0,96
4934,25356,-2238,-35,0,92
4943,25365,-2228,9,0,88
4953,25375,-2218,16,0,84
4963,25385,-2208,-34,0,80
4973,25395,-2199,-15,0,76
4983,25405,-2191,8,0,72
4993,25415,-2183,18,0,68
5003,25425,-2176,17,0,64
5013,25435,-2170,-12,0,60
5023,25445,-2165,-1,0,55
5033,25455,-2161,8,0,51
5043,25465,-2156,10,0,46
5053,25475,-2152,8,0,41
5063,25485,-2148,8,0,37
5073,25495,-2143,8,0,34
5083,25505,-2140,6,0,31
5093,25515,-2138,-3,0,28
5103,25525,-2136,-11,0,25
5113,25535,-2134,-10,0,23
5123,25545,-2132,2,0,20
5133,25555,-2132,-1,0,18
5143,25565,-2131,0,0,15
5154,25576,-2131,69,61,12
5164,25586,-2129,58,61,10
5174,25596,-2127,59,61,8
5184,25606,-2120,60,61,8
5194,25616,-2111,62,61,12
5204,25626,-2104,62,61,17
5214,25636,-2099,60,61,22
5224,25646,-2095,61,61,27
5234,25656,-2090,61,61,31
5244,25666,-2081,60,61,35
5255,25677,-2068,164,152,39
5265,25687,-2052,152,152,43
5275,25697,-2028,152,152,50
5285,25707,-2003,150,152,63
5295,25717,-1978,151,152,81
5305,25727,-1956,150,152,98
5315,25737,-1936,147,152,114
5325,25747,-1912,149,152,126
5335,25757,-1885,62,152,138
5346,25768,-1848,4,0,148
5356,25778,-1816,11,0,157
5366,25788,-1787,8,0,164
5376,25798,-1760,14,0,171
5386,25808,-1732,6,0,178
5396,25818,-1705,-6,0,184
5406,25828,-1676,5,0,186
5416,25838,-1648,5,0,186
5426,25848,-1621,-37,0,183
5436,25858,-1595,12,0,181
5446,25868,-1572,-36,0,178
5456,25878,-1550,12,0,174
5466,25888,-1529,14,0,169
5476,25898,-1509,-11,0,163
5486,25908,-1489,8,0,156
5496,25918,-1469,17,0,148
5506,25928,-1449,9,0,142
5516,25938,-1430,20,0,137
5526,25948,-1411,-33,0,132
5536,25958,-1394,10,0,129
5546,25968,-1378,-7,0,125
5556,25978,-1363,-34,0,121
5566,25988,-1349,10,0,117
5576,25998,-1337,13,0,111
5586,26008,-1325,-31,0,105
5596,26018,-1313,9,0,99
5606,26028,-1301,8,0,93
5616,26038,-1290,20,0,87
5626,26048,-1279,-31,0,83
5636,26058,-1269,10,0,79
5646,26068,-1260,9,0,76
5656,26078,-1252,9,0,72
5666,26088,-1244,8,0,68
5676,26098,-1238,-11,0,64
5686,26108,-1232,8,0,59
5696,26118,-1227,12,0,54
5706,26128,-1222,9,0,49
5716,26138,-1218,9,0,44
5726,26148,-1214,14,0,40
5736,26158,-1210,12,0,36
5746,26168,-1207,2,0,33
5756,26178,-1204,-5,0,30
5766,26188,-1203,-13,0,26
5776,26198,-1201,1,0,23
5786,26208,-1200,2,0,20
5796,26218,-1200,2,0,17
5806,26228,-1200,1,0,14
5816,26238,-1199,0,0,11
5826,26248,-1199,0,0,8
5836,26258,-1199,0,0,6
5846,26268,-1199,0,0,4
5857,26279,-1199,-49,-42,2
5867,26289,-1201,-41,-42,1
5877,26299,-1204,-43,-42,0
5887,26309,-1209,-44,-42,-2
5897,26319,-1213,-45,-42,-6
5907,26329,-1218,-41,-42,-10
5917,26339,-1221,-42,-42,-14
5927,26349,-1225,-40,-42,-18
5938,26360,-1229,-40,-42,-21
5947,26369,-1234,-41,-42,-23
5957,26379,-1242,-41,-42,-25
5967,26389,-1252,-41,-42,-28
5978,26400,-1262,-94,-87,-32
5988,26410,-1273,-85,-87,-37
5998,26420,-1287,-86,-87,-44
6008,26430,-1300,-87,-87,-52
6018,26440,-1314,-86,-87,-60
6028,26450,-1328,-86,-87,-67
6038,26460,-1344,-85,-87,-73
6048,26470,-1363,-85,-87,-80
6058,26480,-1382,-87,-87,-87
6068,26490,-1406,-89,-87,-96
6079,26501,-1433,7,0,-106
6089,26511,-1455,-9,0,-115
6099,26521,-1473,34,0,-123
6109,26531,-1495,-9,0,-129
6119,26541,-1512,-8,0,-133
6129,26551,-1530,-10,0,-133
6139,26561,-1548,-7,0,-131
6149,26571,-1568,26,0,-127
6159,26581,-1589,-11,0,-125
6169,26591,-1609,8,0,-124
6179,26601,-1626,-8,0,-123
6189,26611,-1641,-9,0,-121
6199,26621,-1655,29,0,-118
6209,26631,-1669,-8,0,-115
6219,26641,-1683,-9,0,-111
6229,26651,-1695,-16,0,-105
6239,26661,-1705,-19,0,-98
6249,26671,-1714,-6,0,-91
6259,26681,-1724,12,0,-85
6269,26691,-1735,-13,0,-80
6279,26701,-1746,38,0,-75
6289,26711,-1757,10,0,-71
6299,26721,-1764,-9,0,-69
6309,26731,-1770,-7,0,-66
6319,26741,-1776,-11,0,-62
6329,26751,-1780,-20,0,-58
6339,26761,-1787,-9,0,-54
6349,26771,-1792,-7,0,-49
6359,26781,-1797,-5,0,-44
6369,26791,-1800,-6,0,-39
6379,26801,-1802,-9,0,-35
6389,26811,-1805,-9,0,-32
6399,26821,-1808,7,0,-29
6409,26831,-1812,26,0,-26
6419,26841,-1814,22,0,-23
6429,26851,-1817,-4,0,-21
6439,26861,-1818,-4,0,-19
6449,26871,-1818,12,0,-18
6459,26881,-1818,0,0,-15
6469,26891,-1818,0,0,-12
6479,26901,-1818,0,0,-9
6489,26911,-1818,0,0,-6
6499,26921,-1818,0,0,-4
6509,26931,-1818,0,0,-2
6519,26941,-1818,0,0,-1
6529,26951,-1818,0,0,0
6539,26961,-1819,0,0,0
6549,26971,-1819,0,0,0
6559,26981,-1818,0,0,0
6569,26991,-1819,0,0,0
6579,27001,-1819,0,0,0
6589,27011,-1819,0,0,0
6599,27021,-1820,0,0,-1
6609,27031,-1820,0,0,-1
6619,27041,-1820,0,0,-1
6629,27051,-1821,0,0,-1
6639,27061,-1820,0,0,-1
6650,27072,-1821,-56,-50,-1
6660,27082,-1820,-46,-50,-1
6670,27092,-1823,-51,-50,-1
6680,27102,-1827,-51,-50,-2
6690,27112,-1833,-50,-50,-6
6700,27122,-1838,-47,-50,-10
6710,27132,-1842,-51,-50,-14
6720,27142,-1845,-48,-50,-18
6730,27152,-1849,-46,-50,-22
6740,27162,-1856,-48,-50,-25
6751,27173,-1865,-108,-102,-28
6761,27183,-1878,-101,-102,-32
6771,27193,-1894,-102,-102,-38
6781,27203,-1911,-103,-102,-48
6791,27213,-1928,-104,-102,-59
6801,27223,-1945,-103,-102,-71
6811,27233,-1959,-99,-102,-82
6821,27243,-1975,-101,-102,-90
6831,27253,-1997,-96,-102,-98
6841,27263,-2022,-101,-102,-105
6852,27274,-2054,-61,-100,-115
6862,27284,-2083,-60,-100,-125
6872,27294,-2112,-70,-100,-137
6883,27305,-2145,-21,0,-150
6893,27315,-2172,-9,0,-162
6903,27325,-2200,38,0,-170
6913,27335,-2222,-10,0,-174
6923,27345,-2246,-6,0,-174
6933,27355,-2270,33,0,-171
6943,27365,-2295,-8,0,-168
6953,27375,-2322,0,0,-165
6963,27385,-2349,-8,0,-164
6973,27395,-2373,8,0,-162
6983,27405,-2394,-7,0,-161
6993,27415,-2415,-10,0,-159
7003,27425,-2435,-8,0,-156
7013,27435,-2453,-14,0,-151
7023,27445,-2472,0,0,-145
7033,27455,-2488,32,0,-138
7043,27465,-2503,-9,0,-130
7053,27475,-2520,-9,0,-123
7063,27485,-2536,-17,0,-118
7073,27495,-2553,7,0,-114
7083,27505,-2571,-7,0,-110
7093,27515,-2585,-18,0,-108
7103,27525,-2599,35,0,-105
7113,27535,-2610,-10,0,-102
7123,27545,-2622,-19,0,-99
7133,27555,-2634,5,0,-94
7143,27565,-2644,31,0,-89
7153,27575,-2653,-9,0,-83
7163,27585,-2661,-9,0,-77
7173,27595,-2670,-8,0,-71
7183,27605,-2678,-11,0,-66
7193,27615,-2686,-19,0,-62
7203,27625,-2695,-8,0,-59
7213,27635,-2701,22,0,-55
7223,27645,-2707,27,0,-53
7233,27655,-2711,32,0,-50
7243,27665,-2715,26,0,-47
7253,27675,-2719,18,0,-43
7263,27685,-2722,16,0,-38
7273,27695,-2725,15,0,-33
7283,27705,-2727,-4,0,-29
7293,27715,-2729,-10,0,-25
7303,27725,-2732,-9,0,-21
7313,27735,-2734,-9,0,-19
7323,27745,-2736,5,0,-17
7333,27755,-2737,-2,0,-15
7343,27765,-2737,-1,0,-13
7353,27775,-2738,-1,0,-12
7363,27785,-2738,0,0,-10
7373,27795,-2738,0,0,-8
7383,27805,-2738,0,0,-6
7393,27815,-2739,0,0,-5
7403,27825,-2739,0,0,-3
7413,27835,-2739,0,0,-2
7423,27845,-2739,0,0,-2
7433,27855,-2739,0,0,-1
7444,27866,-2738,0,-1,0
7454,27876,-2738,0,-1,0
7464,27886,-2737,0,-1,0
7474,27896,-2737,0,-1,1
7484,27906,-2737,0,-1,1
7494,27916,-2737,0,-1,1
7504,27926,-2737,0,-1,1
7514,27936,-2738,0,-1,1
7525,27947,-2738,-71,-63,0
7535,27957,-2740,-63,-63,0
7545,27967,-2744,-62,-63,-2
7555,27977,-2750,-61,-63,-5
7565,27987,-2756,-65,-63,-10
7575,27997,-2763,-62,-63,-15
7585,28007,-2769,-62,-63,-20
7595,28017,-2775,-62,-63,-26
7605,28027,-2782,-61,-63,-31
7615,28037,-2792,-61,-63,-35
7625,28047,-2803,-62,-63,-40
7635,28057,-2816,-61,-63,-45
7645,28067,-2831,-63,-63,-51
7655,28077,-2847,-62,-63,-59
7665,28087,-2863,-62,-63,-67
7675,28097,-2880,-62,-63,-76
7685,28107,-2898,-62,-63,-85
7695,28117,-2917,-62,-63,-93
7705,28127,-2937,-63,-63,-99
7715,28137,-2958,-62,-63,-105
7725,28147,-2981,-62,-63,-111
7735,28157,-3007,-64,-63,-118
7745,28167,-3033,-62,-63,-126
7755,28177,-3060,-59,-63,-134
7765,28187,-3088,-60,-63,-143
7775,28197,-3117,-65,-63,-152
7785,28207,-3146,-64,-63,-159
7795,28217,-3177,-50,-63,-166
7805,28227,-3207,-36,-63,-172
7815,28237,-3236,-22,-63,-178
7825,28247,-3267,-15,-63,-182
7835,28257,-3299,-10,-63,-186
7846,28268,-3334,-1,0,-190
7856,28278,-3366,-3,0,-194
7866,28288,-3395,-8,0,-196
7876,28298,-3423,31,0,-196
7886,28308,-3450,-12,0,-195
7896,28318,-3478,6,0,-193
7906,28328,-3504,-8,0,-190
7916,28338,-3531,-12,0,-185
7926,28348,-3556,10,0,-181
7936,28358,-3581,-9,0,-177
7946,28368,-3605,-19,0,-173
7956,28378,-3628,33,0,-169
7966,28388,-3649,-12,0,-165
7976,28398,-3670,8,0,-160
7986,28408,-3689,-9,0,-155
7996,28418,-3707,-10,0,-149
8006,28428,-3727,3,0,-142
8016,28438,-3745,-9,0,-136
8026,28448,-3763,-10,0,-131
8036,28458,-3781,-16,0,-127
8046,28468,-3797,-8,0,-122
8056,28478,-3811,-11,0,-118
8066,28488,-3825,29,0,-115
8076,28498,-3839,-8,0,-110
8086,28508,-3852,-11,0,-105
8096,28518,-3862,-20,0,-100
8106,28528,-3873,-15,0,-95
8116,28538,-3884,35,0,-89
8126,28548,-3893,21,0,-84
8136,28558,-3903,-7,0,-79
8146,28568,-3913,-10,0,-75
8156,28578,-3921,-20,0,-71
8166,28588,-3929,26,0,-67
8176,28598,-3934,33,0,-63
8186,28608,-3939,29,0,-58
8196,28618,-3943,-6,0,-54
8206,28628,-3946,24,0,-48
8216,28638,-3950,26,0,-43
8226,28648,-3954,28,0,-38
8236,28658,-3957,25,0,-33
8246,28668,-3960,22,0,-29
8256,28678,-3963,15,0,-26
8266,28688,-3964,10,0,-23
8276,28698,-3964,7,0,-20
8286,28708,-3965,3,0,-17
8296,28718,-3966,0,0,-15
8306,28728,-3967,0,0,-12
8315,28737,-3967,0,0,-10
8326,28748,-3967,0,0,-7
8335,28757,-3967,0,0,-5
8346,28768,-3967,0,0,-4
8357,28779,-3967,173,146,-3
8367,28789,-3962,144,146,-1
8377,28799,-3952,144,146,3
8387,28809,-3939,145,146,10
8397,28819,-3927,145,146,21
8407,28829,-3915,146,146,32
8417,28839,-3900,144,146,44
8427,28849,-3883,144,146,58
8437,28859,-3860,143,146,72
8447,28869,-3833,87,146,87
8458,28880,-3803,91,234,103
8468,28890,-3774,92,234,119
8478,28900,-3746,95,234,134
8488,28910,-3717,94,234,148
8498,28920,-3687,59,234,161
8508,28930,-3658,30,234,171
8518,28940,-3627,23,234,178
8528,28950,-3595,19,234,183
8537,28959,-3566,16,234,187
8548,28970,-3535,19,234,190
8558,28980,-3504,22,234,193
8568,28990,-3474,16,234,195
8578,29000,-3441,5,0,196
8589,29011,-3409,11,0,197
8599,29021,-3380,7,0,197
8609,29031,-3353,17,0,196
8619,29041,-3326,-27,0,193
8629,29051,-3299,6,0,190
8639,29061,-3274,17,0,186
8649,29071,-3248,9,0,181
8659,29081,-3223,8,0,177
8669,29091,-3199,9,0,172
8679,29101,-3175,12,0,168
8689,29111,-3152,-33,0,164
8699,29121,-3131,8,0,160
8709,29131,-3113,-3,0,155
8719,29141,-3093,-21,0,149
8729,29151,-3075,11,0,143
8738,29160,-3057,-26,0,137
8749,29171,-3039,8,0,131
8759,29181,-3021,7,0,125
8769,29191,-3004,-9,0,121
8778,29200,-2988,8,0,118
8789,29211,-2972,13,0,115
8798,29220,-2959,-35,0,112
8808,29230,-2947,8,0,108
8818,29240,-2935,17,0,103
8829,29251,-2923,4,0,97
8838,29260,-2913,-30,0,92
8848,29270,-2902,9,0,86
8858,29280,-2891,22,0,81
8868,29290,-2881,8,0,77
8879,29301,-2872,-1,0,72
8888,29310,-2863,8,0,69
8898,29320,-2855,7,0,66
8909,29331,-2848,10,0,63
8918,29340,-2842,20,0,60
8929,29351,-2836,21,0,56
8938,29360,-2831,-7,0,52
8948,29370,-2827,-32,0,48
8959,29381,-2822,-29,0,43
8968,29390,-2819,7,0,39
8978,29400,-2815,5,0,35
8989,29411,-2813,5,0,31
8998,29420,-2810,8,0,28
9008,29430,-2808,-16,0,25
9018,29440,-2806,2,0,22
9028,29450,-2804,2,0,20
9038,29460,-2803,-2,0,17
9048,29470,-2802,1,0,15
9058,29480,-2802,0,0,13
9069,29491,-2802,0,0,10
9079,29501,-2802,0,0,8
9089,29511,-2802,0,0,6
9099,29521,-2802,0,0,4
9109,29531,-2802,0,0,2
9119,29541,-2802,0,0,1
9129,29551,-2802,0,0,0
9138,29560,-2803,0,0,0
9149,29571,-2805,0,0,0
9159,29581,-2806,53,48,-1
9170,29592,-2804,47,48,-2
9180,29602,-2802,48,48,-1
9190,29612,-2798,45,48,0
9200,29622,-2794,49,48,2
9209,29631,-2792,48,48,5
9219,29641,-2790,48,48,9
9229,29651,-2787,45,48,12
9239,29661,-2782,45,48,15
9250,29672,-2773,143,132,19
9260,29682,-2762,128,132,23
9270,29692,-2746,133,132,29
9280,29702,-2730,132,132,39
9291,29713,-2711,133,132,52
9300,29722,-2696,130,132,63
9310,29732,-2680,129,132,75
9320,29742,-2660,127,132,86
9330,29752,-2636,127,132,96
9340,29762,-2609,69,132,106
9350,29772,-2579,66,132,117
9360,29782,-2550,62,132,128
9370,29792,-2521,61,132,140
9380,29802,-2493,60,132,152
9390,29812,-2463,48,132,163
9400,29822,-2433,24,132,172
9411,29833,-2399,7,132,179
9420,29842,-2369,6,132,183
9431,29853,-2336,7,132,188
9440,29862,-2305,2,132,191
9451,29873,-2270,2,0,195
9462,29884,-2238,8,0,199
9471,29893,-2210,3,0,200
9481,29903,-2183,6,0,200
9492,29914,-2152,6,0,198
9501,29923,-2125,-30,0,195
9511,29933,-2098,8,0,192
9521,29943,-2070,-33,0,188
9532,29954,-2042,8,0,184
9541,29963,-2019,15,0,181
9552,29974,-1994,-33,0,177
9561,29983,-1972,8,0,173
9571,29993,-1951,-28,0,168
9581,30003,-1930,5,0,163
9591,30013,-1909,15,0,157
9601,30023,-1889,-29,0,151
9611,30033,-1870,11,0,146
9621,30043,-1851,-10,0,140
9631,30053,-1832,8,0,136
9641,30063,-1814,17,0,132
9651,30073,-1797,-33,0,128
9661,30083,-1781,7,0,125
9671,30093,-1766,-12,0,121
9681,30103,-1753,7,0,116
9691,30113,-1739,4,0,111
9701,30123,-1726,-31,0,106
9711,30133,-1714,9,0,101
9721,30143,-1702,11,0,96
9731,30153,-1690,17,0,91
9741,30163,-1679,-34,0,86
9751,30173,-1669,9,0,82
9761,30183,-1659,11,0,78
9771,30193,-1650,-1,0,74
9781,30203,-1644,-32,0,70
9791,30213,-1637,9,0,66
9801,30223,-1631,8,0,61
9811,30233,-1625,11,0,56
9821,30243,-1620,3,0,52
9831,30253,-1615,-8,0,47
9841,30263,-1611,-33,0,43
9851,30273,-1607,-20,0,39
9861,30283,-1603,6,0,35
9871,30293,-1600,3,0,32
9881,30303,-1598,-5,0,29
9892,30314,-1596,-9,0,25
9901,30323,-1595,1,0,23
9911,30333,-1594,4,0,20
9921,30343,-1593,1,0,17
9931,30353,-1593,0,0,14
9941,30363,-1593,0,0,11
9952,30374,-1592,0,0,8
9961,30383,-1592,0,0,6
9971,30393,-1592,0,0,5
9982,30404,-1592,95,78,3
9992,30414,-1592,73,78,2
10002,30424,-1589,77,78,1
10012,30434,-1580,77,78,4
10022,30444,-1572,79,78,8
10032,30454,-1565,80,78,15
10042,30464,-1561,79,78,21
10053,30475,-1556,115,114,26
10063,30485,-1547,112,114,32
10073,30495,-1534,111,114,37
10083,30505,-1516,109,114,44
10093,30515,-1494,116,114,52
10103,30525,-1472,117,114,64
10113,30535,-1451,113,114,78
10123,30545,-1430,114,114,94
10133,30555,-1409,116,114,108
10143,30565,-1385,112,114,119
10153,30575,-1358,73,114,129
10163,30585,-1328,35,114,138
10173,30595,-1297,31,114,146
10184,30606,-1265,7,0,155
10194,30616,-1236,12,0,164
10204,30626,-1207,-30,0,171
10214,30636,-1180,8,0,177
10224,30646,-1155,14,0,180
10234,30656,-1132,-37,0,179
10244,30666,-1106,10,0,175
10254,30676,-1080,9,0,172
10264,30686,-1055,-6,0,168
10274,30696,-1029,-32,0,165
10284,30706,-1007,9,0,161
10294,30716,-988,16,0,157
10304,30726,-968,9,0,154
10314,30736,-949,8,0,150
10324,30746,-928,-30,0,144
10334,30756,-909,8,0,139
10344,30766,-894,10,0,132
10354,30776,-879,17,0,126
10364,30786,-864,-35,0,120
10374,30796,-848,8,0,114
10384,30806,-832,17,0,110
10394,30816,-818,-32,0,106
10404,30826,-805,12,0,101
10414,30836,-792,-35,0,98
10424,30846,-781,9,0,94
10434,30856,-771,11,0,90
10444,30866,-762,15,0,86
10454,30876,-754,-31,0,80
10464,30886,-746,8,0,74
10474,30896,-739,10,0,68
10484,30906,-731,15,0,62
10494,30916,-724,-38,0,57
10504,30926,-717,-33,0,53
10514,30936,-712,7,0,50
10524,30946,-708,11,0,46
10534,30956,-704,7,0,43
10544,30966,-701,9,0,39
10554,30976,-699,-16,0,35
10564,30986,-697,3,0,31
10574,30996,-695,8,0,27
10584,31006,-693,-11,0,22
10594,31016,-691,3,0,19
10604,31026,-689,3,0,16
10614,31036,-688,1,0,14
10624,31046,-688,0,0,12
10634,31056,-688,0,0,10
10644,31066,-688,0,0,8
10654,31076,-688,0,0,7
10664,31086,-688,0,0,5
10674,31096,-688,0,0,3
10684,31106,-688,0,0,2
10694,31116,-688,0,0,1
10704,31126,-688,0,0,0
10714,31136,-688,0,0,0
10724,31146,-688,0,0,0
10734,31156,-688,0,0,0
10744,31166,-688,0,0,0
10755,31177,-688,-54,-46,0
10765,31187,-689,-46,-46,0
10775,31197,-692,-47,-46,-1
10785,31207,-696,-45,-46,-3
10795,31217,-699,-45,-46,-5
10805,31227,-702,-46,-46,-8
10815,31237,-705,-46,-46,-11
10825,31247,-708,-47,-46,-14
10835,31257,-713,-47,-46,-17
10845,31267,-719,-45,-46,-19
10855,31277,-727,-46,-46,-22
10865,31287,-735,-45,-46,-26
10876,31298,-746,-47,-108,-31
10886,31308,-758,-106,-108,-37
10896,31318,-771,-108,-108,-44
10906,31328,-786,-106,-108,-52
10916,31338,-802,-108,-108,-60
10926,31348,-818,-108,-108,-68
10936,31358,-836,-108,-108,-76
10946,31368,-856,-103,-108,-85
10957,31379,-880,-103,-108,-95
10966,31388,-904,-109,-108,-104
10977,31399,-934,-96,-99,-116
10987,31409,-964,-89,-99,-127
10997,31419,-992,-81,-99,-138
11007,31429,-1019,-66,-99,-149
11018,31440,-1053,-10,0,-160
11028,31450,-1083,33,0,-168
11038,31460,-1113,-7,0,-174
11048,31470,-1140,-5,0,-178
11058,31480,-1166,11,0,-180
11068,31490,-1192,-8,0,-180
11078,31500,-1219,-13,0,-178
11088,31510,-1246,-7,0,-177
11098,31520,-1274,-18,0,-175
11108,31530,-1298,29,0,-172
11118,31540,-1320,-7,0,-169
11128,31550,-1342,10,0,-166
11138,31560,-1364,-8,0,-162
11148,31570,-1386,-18,0,-158
11158,31580,-1407,32,0,-153
11168,31590,-1425,-9,0,-147
11178,31600,-1443,-18,0,-141
11188,31610,-1460,-15,0,-136
11198,31620,-1477,25,0,-130
11208,31630,-1495,-9,0,-126
11218,31640,-1513,22,0,-121
11228,31650,-1529,-8,0,-117
11238,31660,-1544,-5,0,-114
11248,31670,-1558,28,0,-110
11258,31680,-1571,-8,0,-107
11268,31690,-1583,-22,0,-103
11278,31700,-1594,-19,0,-98
11288,31710,-1606,-9,0,-93
11298,31720,-1616,12,0,-87
11308,31730,-1626,34,0,-82
11318,31740,-1636,16,0,-77
11328,31750,-1645,-9,0,-73
11338,31760,-1655,-7,0,-70
11348,31770,-1663,-11,0,-67
11358,31780,-1670,-17,0,-64
11368,31790,-1677,9,0,-61
11378,31800,-1681,35,0,-57
11388,31810,-1686,27,0,-52
11398,31820,-1690,21,0,-48
11408,31830,-1693,-7,0,-42
11418,31840,-1697,-6,0,-37
11428,31850,-1700,-7,0,-33
11438,31860,-1703,-13,0,-29
11448,31870,-1706,-10,0,-26
11458,31880,-1708,-9,0,-23
11468,31890,-1710,-3,0,-21
11478,31900,-1711,-2,0,-19
11488,31910,-1712,-4,0,-17
11498,31920,-1713,0,0,-14
11508,31930,-1713,0,0,-12
11518,31940,-1713,0,0,-10
11528,31950,-1713,0,0,-8
11538,31960,-1713,0,0,-6
11549,31971,-1714,-28,-26,-4
11559,31981,-1714,-25,-26,-3
11569,31991,-1714,-25,-26,-2
11579,32001,-1715,-23,-26,-2
11589,32011,-1719,-28,-26,-2
11599,32021,-1722,-26,-26,-4
11609,32031,-1724,-24,-26,-6
11619,32041,-1726,-26,-26,-8
11629,32051,-1727,-26,-26,-10
11639,32061,-1729,-24,-26,-11
11650,32072,-1734,-51,-48,-13
11660,32082,-1739,-46,-48,-14
11670,32092,-1745,-47,-48,-16
11680,32102,-1753,-44,-48,-19
11690,32112,-1763,-47,-48,-25
11700,32122,-1772,-49,-48,-31
11710,32132,-1780,-48,-48,-38
11720,32142,-1788,-50,-48,-43
11730,32152,-1796,-48,-48,-47
11740,32162,-1806,-46,-48,-51
11750,32172,-1818,-46,-48,-54
11760,32182,-1831,-46,-48,-57
11770,32192,-1847,-48,-48,-61
11780,32202,-1865,-48,-48,-67
11790,32212,-1881,-48,-48,-74
11800,32222,-1897,-47,-48,-82
11810,32232,-1912,-47,-48,-90
11820,32242,-1930,-47,-48,-96
11830,32252,-1948,-47,-48,-100
11840,32262,-1967,-44,-48,-104
11851,32273,-1991,-13,0,-108
11861,32283,-2013,-18,0,-113
11871,32293,-2031,-8,0,-117
11881,32303,-2051,-8,0,-121
11891,32313,-2070,11,0,-125
11901,32323,-2087,-7,0,-126
11911,32333,-2104,-18,0,-126
11921,32343,-2119,29,0,-123
11931,32353,-2136,35,0,-119
11941,32363,-2154,-10,0,-115
11951,32373,-2171,10,0,-112
11961,32383,-2186,-7,0,-110
11971,32393,-2199,-18,0,-107
11981,32403,-2210,-8,0,-103
11991,32413,-2223,-7,0,-100
12001,32423,-2236,-10,0,-96
12011,32433,-2245,-14,0,-91
12021,32443,-2255,-19,0,-86
12031,32453,-2263,12,0,-80
12041,32463,-2272,-9,0,-75
12051,32473,-2281,-8,0,-71
12061,32483,-2291,-9,0,-66
12071,32493,-2299,-8,0,-63
12081,32503,-2306,-18,0,-59
12091,32513,-2312,29,0,-57
12101,32523,-2316,26,0,-53
12111,32533,-2320,24,0,-49
12121,32543,-2323,16,0,-45
12131,32553,-2326,16,0,-40
12141,32563,-2329,-4,0,-34
12151,32573,-2331,-6,0,-30
12161,32583,-2333,-4,0,-25
12171,32593,-2337,7,0,-22
12181,32603,-2339,16,0,-20
12191,32613,-2341,14,0,-18
12201,32623,-2342,-2,0,-17
12211,32633,-2342,-2,0,-15
12221,32643,-2342,-1,0,-13
12231,32653,-2344,0,0,-11
12241,32663,-2344,0,0,-9
12251,32673,-2344,0,0,-7
12261,32683,-2345,0,0,-5
12271,32693,-2344,0,0,-4
12281,32703,-2345,0,0,-3
12291,32713,-2345,0,0,-2
12301,32723,-2345,0,0,-2
12312,32734,-2345,66,58,-1
12322,32744,-2342,58,58,0
12332,32754,-2339,61,58,1
12342,32764,-2334,56,58,4
12351,6,-2329,57,58,8
12361,16,-2324,57,58,12
12371,26,-2320,57,58,17
12381,36,-2316,56,58,21
12391,46,-2310,53,58,24
12401,56,-2302,56,58,27
12412,67,-2289,192,175,32
12422,77,-2273,175,175,37
12432,87,-2251,174,175,47
12442,97,-2227,177,175,61
12452,107,-2206,175,175,77
12462,117,-2185,175,175,93
12472,127,-2163,174,175,107
12482,137,-2134,102,175,121
12492,147,-2105,45,175,134
12502,157,-2072,18,175,145
12512,167,-2041,9,175,155
12523,178,-2005,6,175,166
12533,188,-1972,1,175,177
12544,199,-1938,3,0,188
12554,209,-1908,8,0,196
12564,219,-1879,5,0,200
12574,229,-1850,-33,0,201
12584,239,-1822,-14,0,199
12594,249,-1793,7,0,196
12604,259,-1766,1,0,193
12614,269,-1740,9,0,189
12624,279,-1714,17,0,185
12634,289,-1688,8,0,181
12644,299,-1664,17,0,177
12654,309,-1640,-25,0,173
12664,319,-1618,10,0,169
12674,329,-1596,11,0,164
12684,339,-1575,4,0,159
12694,349,-1555,-10,0,153
12704,359,-1535,8,0,148
12714,369,-1516,16,0,142
12724,379,-1498,8,0,137
12734,389,-1480,12,0,132
12744,399,-1463,-2,0,127
12754,409,-1447,-33,0,123
12764,419,-1432,9,0,118
12774,429,-1419,18,0,114
12784,439,-1405,-33,0,109
12794,449,-1393,7,0,104
12804,459,-1380,17,0,99
12814,469,-1368,-13,0,94
12824,479,-1357,10,0,89
12834,489,-1346,8,0,85
12844,499,-1336,15,0,81
12854,509,-1327,-1,0,77
12864,519,-1319,-34,0,73
12874,529,-1311,10,0,69
12884,539,-1304,8,0,64
12894,549,-1298,12,0,60
12904,559,-1293,1,0,55
12914,569,-1288,-34,0,51
12924,579,-1284,-28,0,46
12934,589,-1280,6,0,41
12944,599,-1276,7,0,37
12954,609,-1273,7,0,34
12964,619,-1270,12,0,30
12974,629,-1268,-4,0,27
12985,640,-1266,-101,-91,24
12995,650,-1268,-91,-91,20
13005,660,-1273,-90,-91,15
13015,670,-1279,-91,-91,9
13025,680,-1285,-91,-91,0
13035,690,-1290,-95,-91,-7
13045,700,-1295,-88,-91,-14
13056,711,-1301,-167,-158,-22
13066,721,-1312,-156,-158,-28
13076,731,-1330,-155,-158,-36
13086,741,-1352,-160,-158,-46
13096,751,-1376,-162,-158,-60
13106,761,-1398,-161,-158,-75
13116,771,-1420,-154,-158,-91
13126,781,-1443,-153,-158,-108
13136,791,-1470,-93,-158,-122
13147,802,-1502,-14,0,-137
13157,812,-1533,23,0,-147
13167,822,-1563,-8,0,-156
13177,832,-1589,-16,0,-164
13187,842,-1616,40,0,-170
13197,852,-1642,10,0,-175
13207,862,-1671,-6,0,-177
13217,872,-1699,-6,0,-178
13227,882,-1726,33,0,-177
13237,892,-1752,-6,0,-175
13247,902,-1773,-18,0,-173
13257,912,-1794,-9,0,-170
13267,922,-1816,-12,0,-166
13277,932,-1838,37,0,-161
13287,942,-1860,-7,0,-156
13297,952,-1879,-18,0,-150
13307,962,-1895,10,0,-144
13317,972,-1913,-9,0,-138
13327,982,-1930,-16,0,-133
13337,992,-1949,9,0,-128
13347,1002,-1966,-7,0,-124
13357,1012,-1983,-20,0,-120
13367,1022,-1999,32,0,-117
13377,1032,-2014,-8,0,-114
13387,1042,-2026,-20,0,-111
13397,1052,-2039,28,0,-107
13407,1062,-2051,-9,0,-102
13417,1072,-2061,-10,0,-96
13427,1082,-2072,-12,0,-90
13437,1092,-2082,-18,0,-84
13447,1102,-2092,-5,0,-79
13457,1112,-2103,30,0,-75
13467,1122,-2112,26,0,-71
13477,1132,-2121,-8,0,-69
13487,1142,-2129,-10,0,-66
13497,1152,-2135,-18,0,-63
13507,1162,-2141,6,0,-59
13517,1172,-2146,8,0,-55
13527,1182,-2150,21,0,-50
13537,1192,-2154,23,0,-44
13547,1202,-2157,28,0,-39
13557,1212,-2161,26,0,-35
13567,1222,-2164,24,0,-31
13577,1232,-2168,20,0,-27
13587,1242,-2169,14,0,-25
13597,1252,-2171,-3,0,-22
13607,1262,-2172,-2,0,-20
13616,1271,-2173,-1,0,-18
13626,1281,-2173,0,0,-15
13636,1291,-2174,0,0,-12
13646,1301,-2175,0,0,-10
13656,1311,-2175,0,0,-8
13666,1321,-2175,0,0,-6
13676,1331,-2175,0,0,-4
13686,1341,-2176,0,0,-4
13696,1351,-2175,0,0,-3
13705,1360,-2176,0,0,-2
13716,1371,-2175,0,0,-1

